annee,accidents,accidents_pour_100k_hab,blesses,morts,population_estimee,morts_pour_100k_hab,blesses_pour_100k_hab,vehicules_immatricules,accidents_pour_1000_vehicules,morts_pour_10000_vehicules,gravite_morts_pour_100_accidents
2010,3101.0,50.0,6241.0,470.0,6202000.0,7.58,100.63,49378,62.8,95.18,15.16
2011,7889.0,127.2,9376.0,739.0,6202000.0,11.92,151.18,55523,142.09,133.1,9.37
2012,8155.0,128.36,9589.0,753.0,6353000.0,11.85,150.94,59287,137.55,127.01,9.23
2013,5401.0,82.98,7636.0,640.0,6509000.0,9.83,117.31,58103,92.96,110.15,11.85
2014,5390.0,80.82,5565.0,802.0,6669000.0,12.03,83.45,68968,78.15,116.29,14.88
2015,2851.0,41.71,3871.0,473.0,6835000.0,6.92,56.63,85748,33.25,55.16,16.59
2016,5393.0,76.98,6846.0,514.0,7006000.0,7.34,97.72,64120,84.11,80.16,9.53
2017,5181.0,72.18,8624.0,580.0,7178000.0,8.08,120.14,60969,84.98,95.13,11.19
2018,5814.0,79.08,7951.0,592.0,7352000.0,8.05,108.15,64346,90.36,92.0,10.18
2019,5402.0,71.76,7520.0,580.0,7528000.0,7.7,99.89,79214,68.2,73.22,10.74
2020,7130.0,92.53,9514.0,576.0,7706000.0,7.47,123.46,68740,103.72,83.79,8.08
2021,7392.0,93.74,9376.0,680.0,7886000.0,8.62,118.89,93944,78.69,72.38,9.2
2022,7507.0,92.73,9918.0,683.0,8095498.0,8.44,122.51,93770,80.06,72.84,9.1
