indicateur,unite,annee,valeur
Evolution des deux roues et assimilées immatriculées,Nombre,2014,51134.0
Evolution des deux roues et assimilées immatriculées,Nombre,2015,65599.0
Evolution des deux roues et assimilées immatriculées,Nombre,2016,45341.0
Evolution des deux roues et assimilées immatriculées,Nombre,2017,41187.0
Evolution des deux roues et assimilées immatriculées,Nombre,2018,43063.0
Evolution des deux roues et assimilées immatriculées,Nombre,2019,54873.0
Evolution des deux roues et assimilées immatriculées,Nombre,2020,44850.0
Evolution des deux roues et assimilées immatriculées,Nombre,2021,65363.0
Evolution des deux roues et assimilées immatriculées,Nombre,2022,67639.0
Evolution des premières mise en circulation du parc automobile 4 roues et plus immatriculés,Nombre,2000,94.0
Evolution des premières mise en circulation du parc automobile 4 roues et plus immatriculés,Nombre,2001,109.0
Evolution des premières mise en circulation du parc automobile 4 roues et plus immatriculés,Nombre,2002,117.0
Evolution des premières mise en circulation du parc automobile 4 roues et plus immatriculés,Nombre,2003,326.0
Evolution des premières mise en circulation du parc automobile 4 roues et plus immatriculés,Nombre,2004,189.0
Evolution des premières mise en circulation du parc automobile 4 roues et plus immatriculés,Nombre,2005,234.0
Evolution des premières mise en circulation du parc automobile 4 roues et plus immatriculés,Nombre,2006,187.0
Evolution des premières mise en circulation du parc automobile 4 roues et plus immatriculés,Nombre,2007,155.0
Evolution des premières mise en circulation du parc automobile 4 roues et plus immatriculés,Nombre,2008,266.0
Evolution des premières mise en circulation du parc automobile 4 roues et plus immatriculés,Nombre,2009,402.0
Evolution des premières mise en circulation du parc automobile 4 roues et plus immatriculés,Nombre,2010,322.0
Evolution des premières mise en circulation du parc automobile 4 roues et plus immatriculés,Nombre,2011,399.0
Evolution des premières mise en circulation du parc automobile 4 roues et plus immatriculés,Nombre,2012,420.0
Evolution des premières mise en circulation du parc automobile 4 roues et plus immatriculés,Nombre,2013,440.0
Evolution des premières mise en circulation du parc automobile 4 roues et plus immatriculés,Nombre,2014,481.0
Evolution des premières mise en circulation du parc automobile 4 roues et plus immatriculés,Nombre,2015,1123.0
Evolution des premières mise en circulation du parc automobile 4 roues et plus immatriculés,Nombre,2016,909.0
Evolution des premières mise en circulation du parc automobile 4 roues et plus immatriculés,Nombre,2017,972.0
Evolution des premières mise en circulation du parc automobile 4 roues et plus immatriculés,Nombre,2018,1151.0
Evolution des premières mise en circulation du parc automobile 4 roues et plus immatriculés,Nombre,2019,1266.0
Evolution des premières mise en circulation du parc automobile 4 roues et plus immatriculés,Nombre,2020,2463.0
Evolution des premières mise en circulation du parc automobile 4 roues et plus immatriculés,Nombre,2021,2485.0
Evolution des premières mise en circulation du parc automobile 4 roues et plus immatriculés,Nombre,2022,2532.0
Evolution du parc automobile 4 roues et plus immatriculé,Nombre,1990,5316.0
Evolution du parc automobile 4 roues et plus immatriculé,Nombre,1991,5468.0
Evolution du parc automobile 4 roues et plus immatriculé,Nombre,1992,5609.0
Evolution du parc automobile 4 roues et plus immatriculé,Nombre,1993,3367.0
Evolution du parc automobile 4 roues et plus immatriculé,Nombre,1994,4237.0
Evolution du parc automobile 4 roues et plus immatriculé,Nombre,1995,7953.0
Evolution du parc automobile 4 roues et plus immatriculé,Nombre,1996,8172.0
Evolution du parc automobile 4 roues et plus immatriculé,Nombre,1997,9910.0
Evolution du parc automobile 4 roues et plus immatriculé,Nombre,1998,10066.0
Evolution du parc automobile 4 roues et plus immatriculé,Nombre,1999,10986.0
Evolution du parc automobile 4 roues et plus immatriculé,Nombre,2000,9341.0
Evolution du parc automobile 4 roues et plus immatriculé,Nombre,2001,10838.0
Evolution du parc automobile 4 roues et plus immatriculé,Nombre,2002,11921.0
Evolution du parc automobile 4 roues et plus immatriculé,Nombre,2003,16743.0
Evolution du parc automobile 4 roues et plus immatriculé,Nombre,2004,14214.0
Evolution du parc automobile 4 roues et plus immatriculé,Nombre,2005,13623.0
Evolution du parc automobile 4 roues et plus immatriculé,Nombre,2006,13475.0
Evolution du parc automobile 4 roues et plus immatriculé,Nombre,2007,13038.0
Evolution du parc automobile 4 roues et plus immatriculé,Nombre,2008,13406.0
Evolution du parc automobile 4 roues et plus immatriculé,Nombre,2009,8635.0
Evolution du parc automobile 4 roues et plus immatriculé,Nombre,2010,10740.0
Evolution du parc automobile 4 roues et plus immatriculé,Nombre,2011,13240.0
Evolution du parc automobile 4 roues et plus immatriculé,Nombre,2012,15530.0
Evolution du parc automobile 4 roues et plus immatriculé,Nombre,2013,16273.0
Evolution du parc automobile 4 roues et plus immatriculé,Nombre,2014,17834.0
Evolution du parc automobile 4 roues et plus immatriculé,Nombre,2015,20149.0
Evolution du parc automobile 4 roues et plus immatriculé,Nombre,2016,18779.0
Evolution du parc automobile 4 roues et plus immatriculé,Nombre,2017,19782.0
Evolution du parc automobile 4 roues et plus immatriculé,Nombre,2018,21283.0
Evolution du parc automobile 4 roues et plus immatriculé,Nombre,2019,24341.0
Evolution du parc automobile 4 roues et plus immatriculé,Nombre,2020,23890.0
Evolution du parc automobile 4 roues et plus immatriculé,Nombre,2021,28581.0
Evolution du parc automobile 4 roues et plus immatriculé,Nombre,2022,26131.0
Evolution du volume de fret routier,tonne,2007,242091.879
Evolution du volume de fret routier,tonne,2008,247436.947
Evolution du volume de fret routier,tonne,2009,255872.26
Evolution du volume de fret routier,tonne,2010,416810.525
Evolution du volume de fret routier,tonne,2011,406582.0
Evolution du volume de fret routier,tonne,2012,710282.0
Evolution du volume de fret routier,tonne,2013,448040.0
Evolution du volume de fret routier,tonne,2014,745720.0
Evolution du volume de fret routier,tonne,2015,477880.0
Evolution du volume de fret routier,tonne,2016,4892882.68
Evolution du volume de fret routier,tonne,2017,1884540.4
Evolution du volume de fret routier,tonne,2018,2783597.58
Evolution du volume de fret routier,tonne,2019,8612514.94000001
Evolution du volume de fret routier,tonne,2020,9840241.73999999
Evolution du volume de fret routier,tonne,2021,9609484.18000001
Evolution du volume de fret routier,tonne,2022,10953361.14
Evolution du volume de tonne de marchandises transportées par rails,tonne,2003,1014115.0
Evolution du volume de tonne de marchandises transportées par rails,tonne,2004,1148892.0
Evolution du volume de tonne de marchandises transportées par rails,tonne,2005,1084872.0
Evolution du volume de tonne de marchandises transportées par rails,tonne,2006,806453.0
Evolution du volume de tonne de marchandises transportées par rails,tonne,2007,639141.0
Evolution du volume de tonne de marchandises transportées par rails,tonne,2008,586191.0
Evolution du volume de tonne de marchandises transportées par rails,tonne,2009,631664.0
Evolution du volume de tonne de marchandises transportées par rails,tonne,2010,4980.46
Evolution du volume de tonne de marchandises transportées par rails,tonne,2011,156995.56
Evolution du volume de tonne de marchandises transportées par rails,tonne,2012,267995.0
Evolution du volume de tonne de marchandises transportées par rails,tonne,2013,332273.0
Evolution du volume de tonne de marchandises transportées par rails,tonne,2014,522039.0
Evolution du volume de tonne de marchandises transportées par rails,tonne,2015,1045258.0
Evolution du volume de tonne de marchandises transportées par rails,tonne,2016,1045361.0
Evolution du volume de tonne de marchandises transportées par rails,tonne,2017,885809.0
Evolution du volume de tonne de marchandises transportées par rails,tonne,2018,605721.0
Evolution du volume de tonne de marchandises transportées par rails,tonne,2019,577970.0
Evolution du volume de tonne de marchandises transportées par rails,tonne,2020,654821.0
Evolution du volume de tonne de marchandises transportées par rails,tonne,2021,730487.0
Evolution du volume de tonne de marchandises transportées par rails,tonne,2022,615406.0
Nombre de permis de conduire délivrés aux examens de permis de conduire,Nombre,2007,6931.0
Nombre de permis de conduire délivrés aux examens de permis de conduire,Nombre,2008,7069.0
Nombre de permis de conduire délivrés aux examens de permis de conduire,Nombre,2009,5488.0
Nombre de permis de conduire délivrés aux examens de permis de conduire,Nombre,2010,5313.0
Nombre de permis de conduire délivrés aux examens de permis de conduire,Nombre,2011,6225.0
Nombre de permis de conduire délivrés aux examens de permis de conduire,Nombre,2012,6969.0
Nombre de permis de conduire délivrés aux examens de permis de conduire,Nombre,2014,13362.0
Nombre de permis de conduire délivrés aux examens de permis de conduire,Nombre,2015,8072.0
Nombre de permis de conduire délivrés aux examens de permis de conduire,Nombre,2016,28451.0
Nombre de permis de conduire délivrés aux examens de permis de conduire,Nombre,2017,19839.0
Nombre de permis de conduire délivrés aux examens de permis de conduire,Nombre,2018,18854.0
Nombre de permis de conduire délivrés aux examens de permis de conduire,Nombre,2019,21098.0
Nombre de permis de conduire délivrés aux examens de permis de conduire,Nombre,2020,13073.0
Nombre de permis de conduire délivrés aux examens de permis de conduire,Nombre,2021,19715.0
Nombre de permis de conduire délivrés aux examens de permis de conduire,Nombre,2022,24598.0
Réseau total (chemins de fer-km),km,2000,548.0
Réseau total (chemins de fer-km),km,2001,548.0
Réseau total (chemins de fer-km),km,2002,548.0
Réseau total (chemins de fer-km),km,2003,548.0
Réseau total (chemins de fer-km),km,2004,548.0
Réseau total (chemins de fer-km),km,2005,548.0
Réseau total (chemins de fer-km),km,2006,548.0
Réseau total (chemins de fer-km),km,2007,588.0
Réseau total (chemins de fer-km),km,2008,588.0
Réseau total (chemins de fer-km),km,2009,588.0
Réseau total (chemins de fer-km),km,2010,588.0
Réseau total (chemins de fer-km),km,2011,588.0
Réseau total (chemins de fer-km),km,2012,588.0
Réseau total (chemins de fer-km),km,2013,593.0
Réseau total (chemins de fer-km),km,2014,593.0
Réseau total (chemins de fer-km),km,2015,593.0
Réseau total (chemins de fer-km),km,2016,593.0
Réseau total (chemins de fer-km),km,2017,593.0
Réseau total (chemins de fer-km),km,2018,593.0
Réseau total (chemins de fer-km),km,2019,593.0
Réseau total (chemins de fer-km),km,2020,593.0
Réseau total (chemins de fer-km),km,2021,593.0
Réseau total (chemins de fer-km),km,2022,593.0
Trafic de véhicules de transports de marchandises sur le réseau routier,Nombre,2014,521617.0
Trafic de véhicules de transports de marchandises sur le réseau routier,Nombre,2015,677820.0
Trafic de véhicules de transports de marchandises sur le réseau routier,Nombre,2016,1036111.0
Trafic de véhicules de transports de marchandises sur le réseau routier,Nombre,2017,1194616.0
Trafic de véhicules de transports de marchandises sur le réseau routier,Nombre,2018,1243133.0
Trafic de véhicules de transports de marchandises sur le réseau routier,Nombre,2019,1441627.0
Trafic de véhicules de transports de marchandises sur le réseau routier,Nombre,2020,1725014.0
Trafic de véhicules de transports de marchandises sur le réseau routier,Nombre,2021,1966787.0
Trafic de véhicules de transports de marchandises sur le réseau routier,Nombre,2022,2189310.0
Trafic de véhicules de transports de passagers sur le réseau routier,Nombre,2014,4245433.0
Trafic de véhicules de transports de passagers sur le réseau routier,Nombre,2015,5111742.0
Trafic de véhicules de transports de passagers sur le réseau routier,Nombre,2016,5935981.0
Trafic de véhicules de transports de passagers sur le réseau routier,Nombre,2017,6570066.0
Trafic de véhicules de transports de passagers sur le réseau routier,Nombre,2018,7073335.0
Trafic de véhicules de transports de passagers sur le réseau routier,Nombre,2019,7792092.0
Trafic de véhicules de transports de passagers sur le réseau routier,Nombre,2020,6209565.0
Trafic de véhicules de transports de passagers sur le réseau routier,Nombre,2021,8175245.0
Trafic de véhicules de transports de passagers sur le réseau routier,Nombre,2022,9057696.0
