annee,type_reseau,troncon,region,source_region,regions_traversees,travaux_enregistrement_source_present,bon_km,moyen_km,mauvais_km,travaux_km,total_km
2020,Routes en terre,TGRCRTRN12 SOTOUBOUA-GOUBI-KABOLI,Centrale,code du tronçon,Centrale,True,0.0,0.0,0.0,98.07,98.07
2020,Routes en terre,TGRKRT KOUMEA-SIOU,Kara,code du tronçon,Kara,False,6.34,1.12,0.0,0.0,7.46
2020,Routes en terre,TGRKRTRN18 NIAMTOUGOU-KOUMEA-FARINDE-TCHIKAWA-RN20,Kara,code du tronçon,Kara,False,10.87,11.43,0.0,0.0,22.3
2020,Routes en terre,TGRKRTRN19A AWANDJELO-ATCHANGBADE,Kara,code du tronçon,Kara,False,0.05,5.05,4.66,0.0,9.76
2020,Routes en terre,TGRKRTRN20 PAGOUDA-SIOU-NIAMTOUGOU,Kara,code du tronçon,Kara,False,18.06,13.63,0.0,0.0,31.69
2020,Routes en terre,TGRKRTRN38 RN1 BAFILO-DAKO-RN17 BASSAR,Kara,code du tronçon,Kara,False,54.34,2.86,0.0,0.0,57.2
2020,Routes en terre,TGRKRTRN39 RN17 BASSAR-BITCHABE-RN19,Kara,code du tronçon,Kara,False,26.38,6.63,0.0,0.0,33.01
2020,Routes en terre,TGRKRTRN40 KANTE-NADOBA,Kara,code du tronçon,Kara,True,0.0,0.0,0.0,28.49,28.49
2020,Routes en terre,TGRMRN42 KEVE-ZOLO-FRT GHANA,Maritime,code du tronçon,Maritime,False,9.44,6.06,0.0,0.0,15.5
2020,Routes en terre,TGRMRTRN32 ASSAHOUN-BATOUME-FRT GHANA,Maritime,code du tronçon,Maritime,True,0.0,0.0,0.0,21.6,21.6
2020,Routes en terre,TGRMRTRN35 AKOUMAKPE-TCHEKPO,Maritime,code du tronçon,Maritime,False,0.19,17.0,3.0,0.0,20.19
2020,Routes en terre,TGRMRTRN36 AKLAKOU-AVEVE-AFAGNAN,Maritime,code du tronçon,Maritime,True,0.0,0.0,0.0,31.22,31.22
2020,Routes en terre,TGRMRTRN36A AFAGNAN-AGOMEGLOZOU,Maritime,code du tronçon,Maritime,False,0.5,8.84,0.0,0.0,9.34
2020,Routes en terre,TGRMRTRN37 TABLIGBO-GBOTO-TOKPLI-FRT BENIN,Maritime,code du tronçon,Maritime,False,0.8,14.97,3.15,0.0,18.92
2020,Routes en terre,TGRMRTRN7 TSEVIE-KEVE,Maritime,code du tronçon,Maritime,False,1.9,25.32,5.8,0.0,33.02
2020,Routes en terre,TGRPRT BRETELLE RN9-YIBOE,Plateaux,code du tronçon,Plateaux,False,2.4,6.01,0.85,0.0,9.26
2020,Routes en terre,TGRPRT EPP AGBONOU CEET- EGLISE CATHOLIQUE SAINT JEAN PAUL II,Plateaux,code du tronçon,Plateaux,False,0.25,0.97,0.0,0.0,1.22
2020,Routes en terre,TGRPRT RN15A-HÔPITAL BADOU,Plateaux,code du tronçon,Plateaux,False,0.0,0.05,1.07,0.0,1.12
2020,Routes en terre,TGRPRTRN10 NYAMASSILA(RN1)-KPESSI-FRE BENIN,Plateaux,code du tronçon,Plateaux,False,0.65,42.43,12.8,0.0,55.88
2020,Routes en terre,TGRPRTRN15BIS HIHIATRO(RN5)-KLABE-APEGANME-KOUGNOHOU,Plateaux,code du tronçon,Plateaux,False,0.1,41.12,6.75,0.0,47.97
2020,Routes en terre,TGRPRTRN29 DEGOU(RN10)-KOLOKOPE-ANIE(RN1),Plateaux,code du tronçon,Plateaux,False,0.0,42.31,4.7,0.0,47.01
2020,Routes en terre,TGRPRTRN8 ATAKPAME-AKPARE,Plateaux,code du tronçon,Plateaux,True,0.0,0.0,0.0,20.8,20.8
2020,Routes en terre,TGRPRTRN8 NANVBETO-OUNTIVOU-RN6 (TOHOUN),Plateaux,code du tronçon,Plateaux,True,0.0,0.0,0.0,66.14,66.14
2020,Routes en terre,TGRPRTRN9 NOTSE(RN1)-YIBOE-AVEDJE-AGOU(RN5),Plateaux,code du tronçon,Plateaux,False,48.46,2.55,0.0,0.0,51.01
2020,Routes en terre,TGRSRTRN17 KATCHAMBA-SADORI RN1,Savanes,code du tronçon,Savanes,True,16.05,8.29,2.5,30.0,56.84
2020,Routes en terre,TGRSRTRN22 RN1 TCHANWIEKOU-MOGOU-GANDO-FRE BENIN,Savanes,code du tronçon,Savanes,False,6.04,16.34,21.22,0.0,43.6
2020,Routes en terre,TGRSRTRN22A RN1 SAGBIEBOU-GANDO,Savanes,code du tronçon,Savanes,True,0.0,0.0,0.0,15.5,15.5
2020,Routes en terre,TGRSRTRN23 RN1 MANGO-KOKOUMBO-FRE GHANA,Savanes,code du tronçon,Savanes,False,5.3,2.6,2.42,0.0,10.32
2020,Routes en terre,TGRSRTRN24 RN1 GALANGASHI-NAKI EST,Savanes,code du tronçon,Savanes,False,4.44,12.72,10.5,0.0,27.66
2020,Routes en terre,TGRSRTRN25 RN1-KONG-RN1,Savanes,code du tronçon,Savanes,False,8.47,3.92,10.93,0.0,23.32
2020,Routes en terre,TGRSRTRN26 RN1 CINKASSE-FRE GHANA,Savanes,code du tronçon,Savanes,False,3.8,0.0,0.0,0.0,3.8
2020,Routes en terre,TGRSRTRN41 RN1 MANGO-BORGOU,Savanes,code du tronçon,Savanes,False,18.02,11.5,16.22,0.0,45.74
2020,Routes revêtues,ALINMONDJI (RN1)-ELAVAGNON,Non attribué,aucune,,False,11.12,0.0,0.0,0.0,11.12
2020,Routes revêtues,AZANHOUN FIAGBE-PRESIDENT COPE,Plateaux,nom de route,Plateaux,False,0.0,0.05,9.0,0.0,9.05
2020,Routes revêtues,BRETELLE KOUGNOHOU(KOUGNOHOU-ADAPE(RN15)),Plateaux,nom de route,Plateaux,False,5.56,0.0,0.0,0.0,5.56
2020,Routes revêtues,DAVIE-AMAKPAPE,Maritime,manuel (à vérifier),Maritime,False,13.01,30.64,18.31,0.0,61.96
2020,Routes revêtues,DAVIE-LOME (PASSAGE SUPERIEUR),Maritime,manuel (à vérifier),Maritime,False,5.56,1.93,2.59,0.0,10.08
2020,Routes revêtues,LOME-AKOUMAPE-VOGAN-ANFOIN (RN4),Maritime,manuel (à vérifier),Maritime,False,59.83,0.79,0.0,0.0,60.62
2020,Routes revêtues,RN1 AMAKPAPE-ATAKPAME- BABAME,Plateaux,nom de route,"Centrale, Plateaux",False,50.31,51.31,38.12,0.0,139.74
2020,Routes revêtues,RN11 KPALIME (RN5)-KPADAPE-FRE GHANA,Plateaux,nom de route,Plateaux,False,0.0,0.0,18.92,0.0,18.92
2020,Routes revêtues,RN11A KPADAPE-KLO MAYONDI-FRE GHANA,Plateaux,nom de route,Plateaux,False,0.0,0.6,6.81,0.0,7.41
2020,Routes revêtues,RN2/3 AFLAO-HILACONDJI FRE BENIN,Maritime,manuel (à vérifier),Maritime,True,21.41,2.5,0.0,28.64,52.55
2020,Routes revêtues,RN2/3 AFLAO-HILACONDJI-FRT BENIN RETOUR (CARREFOUR AVEPOZO - FRT GHANA),Maritime,manuel (à vérifier),Maritime,False,9.56,8.27,0.45,0.0,18.28
2020,Routes revêtues,RN2/3 AFLAO-HILACONDJI-FRT BENIN RETOUR 2,Maritime,manuel (à vérifier),Maritime,False,3.42,1.98,0.2,0.0,5.6
2020,Routes revêtues,RN33 AGOU GADJEPE(RN5)-AGOTIME-FRE GHANA,Plateaux,nom de route,Plateaux,False,0.0,0.1,31.58,0.0,31.68
2020,Routes revêtues,RN36 AMEGNRAN-AFAGNAN,Maritime,nom de route,Maritime,False,0.0,0.0,8.57,0.0,8.57
2020,Routes revêtues,RN36 ANEHO-AKLAKOU,Maritime,nom de route,Maritime,False,0.0,8.4,7.28,0.0,15.68
2020,Routes revêtues,RN5 LOME-AMOUZOU COPE,Maritime,nom de route,"Maritime, Plateaux",True,0.0,0.0,0.0,79.64,79.64
2020,Routes revêtues,RN5-HOPITAL AGOU NYOGBO,Plateaux,nom de route,Plateaux,False,0.0,0.0,3.74,0.0,3.74
2020,Routes revêtues,ROUTE CAMPEMENT,Plateaux,nom de route,Plateaux,False,0.0,0.0,1.2,0.0,1.2
2020,Routes revêtues,ROUTE CHATEAU VIAL,Plateaux,nom de route,Plateaux,False,0.0,0.0,1.65,0.0,1.65
2020,Routes revêtues,TGRCRRRN1 BABAME-SOKODE-ALEHERIDE,Centrale,code du tronçon,Centrale,False,39.9,55.59,59.1,0.0,154.59
2020,Routes revêtues,TGRCRRRN14 SOKODE-TCHAMBA-KABOLI-FRE BENIN,Centrale,code du tronçon,Centrale,False,0.1,27.22,59.1,0.0,86.42
2020,Routes revêtues,TGRCRRRRN17 SOKODE-MALFAKASSA,Centrale,code du tronçon,Centrale,True,0.0,0.0,0.0,29.85,29.85
2020,Routes revêtues,TGRCRRRRN27 LANGABOU-YEGUE-FRE GHANA,Centrale,code du tronçon,Centrale,False,0.83,9.8,56.05,0.0,66.68
2020,Routes revêtues,TGRKRR RN1 ALEHERIDE-KARA-NABLOUGOU,Kara,code du tronçon,Kara,True,22.05,80.05,0.0,38.44,140.54
2020,Routes revêtues,TGRKRRRN1 BRETELLE D ALEDJO,Kara,code du tronçon,Kara,False,0.0,0.45,11.08,0.0,11.53
2020,Routes revêtues,TGRKRRRN1 BRETELLE DE BAFILO,Kara,code du tronçon,Kara,False,0.0,0.3,6.27,0.0,6.57
2020,Routes revêtues,TGRKRRRN1 BRETELLE DE DEFALE,Kara,code du tronçon,Kara,False,1.39,1.15,3.6,0.0,6.14
2020,Routes revêtues,TGRKRRRN16 RN1 KARA-KETAO-KEMERIDA-FRE BENIN,Kara,code du tronçon,Kara,False,0.0,21.0,4.84,0.0,25.84
2020,Routes revêtues,TGRKRRRN17 BRETELLE KATCHAMBA,Kara,code du tronçon,Kara,False,6.04,0.0,0.0,0.0,6.04
2020,Routes revêtues,TGRKRRRN17 MALFAKASSA-BASSAR-KABOU-GUERIN KOUKA-KATCHAMBA,Kara,code du tronçon,Kara,True,46.75,34.45,0.0,27.75,108.95
2020,Routes revêtues,TGRKRRRN18B BRETELLE SOUMDINA-RN16,Kara,code du tronçon,Kara,False,9.54,0.0,0.0,0.0,9.54
2020,Routes revêtues,TGRKRRRN18B PYA-TCHARE-LASSA-RN16,Kara,code du tronçon,Kara,False,13.37,0.0,0.0,0.0,13.37
2020,Routes revêtues,TGRKRRRN18B TCHITCHAO-PYA-KOUMEA,Kara,code du tronçon,Kara,False,5.23,9.15,0.0,0.0,14.38
2020,Routes revêtues,TGRKRRRN19 KARA-KABOU-FRE GHANA,Kara,code du tronçon,Kara,False,0.21,7.54,76.25,0.0,84.0
2020,Routes revêtues,TGRKRRRN20 KETAO-PAGOUDA,Kara,code du tronçon,Kara,False,2.79,11.58,0.23,0.0,14.6
2020,Routes revêtues,TGRKRRRN21 TCHITCHAO-SARAKAWA-KANTE,Kara,code du tronçon,Kara,True,0.0,0.0,0.0,62.54,62.54
2020,Routes revêtues,TGRPRRRN13 KPALIME(RN5)-MONT KLOTO-KAMETONOU-FRE GHANA,Plateaux,code du tronçon,Plateaux,False,0.0,0.4,20.51,0.0,20.91
2020,Routes revêtues,TGRPRRRN15 TEMEDJA(RN5)-BADOU-FRE GHANA,Plateaux,code du tronçon,Plateaux,False,88.5,0.0,0.0,0.0,88.5
2020,Routes revêtues,TGRPRRRN15A BADOU-REVIERE WAWA (FRE GHABA),Plateaux,code du tronçon,Plateaux,False,0.0,0.25,13.68,0.0,13.93
2020,Routes revêtues,TGRPRRRN15B BADOU-TOMEGBE-FRE GHANA,Plateaux,code du tronçon,Plateaux,False,0.0,0.0,21.37,0.0,21.37
2020,Routes revêtues,TGRPRRRN30 ADETA(RN5)-NDIGBE-APEYEME-FRE GHANA,Plateaux,code du tronçon,Plateaux,False,0.0,0.0,33.5,0.0,33.5
2020,Routes revêtues,TGRPRRRN30A DZOGBEGAN-DANYI ELAVAGNON,Plateaux,code du tronçon,Plateaux,False,0.0,0.0,7.69,0.0,7.69
2020,Routes revêtues,TGRPRRRN31/30 NDIGBE-YIKPA-FRE GHANA,Plateaux,code du tronçon,Plateaux,False,0.0,0.0,14.54,0.0,14.54
2020,Routes revêtues,TGRPRRRN5 ATAKPAME-KPALIME-AMOUSSOUKOPE,Plateaux,code du tronçon,Plateaux,True,93.86,8.65,0.0,44.08,146.59
2020,Routes revêtues,TGRPRRRN6 NOTSE-TOHOUN,Plateaux,code du tronçon,Plateaux,False,55.59,0.71,0.0,0.0,56.3
2020,Routes revêtues,TGRPRRRN8 AKPARE-NANGBETO,Plateaux,code du tronçon,Plateaux,False,0.0,0.05,18.35,0.0,18.4
2020,Routes revêtues,TGRPRRRN9A ROUTE DU MONT AGOU,Plateaux,code du tronçon,Plateaux,False,0.0,7.25,4.42,0.0,11.67
2020,Routes revêtues,TGRSRRRN1 NABLOUGOU-DAPAONG-CINKASSE FRE BURKINA,Savanes,code du tronçon,Savanes,True,44.5,19.81,1.75,94.76,160.82
2020,Routes revêtues,TGRSRRRN24 RN1 DAPAONG BORGOU-MANDOURI-FRE BENIN,Savanes,code du tronçon,Savanes,True,48.69,0.0,0.0,44.05,92.74
2020,Routes revêtues,TGRSRRRN28 BRETELLE DE CORBONGOU,Savanes,code du tronçon,Savanes,False,1.08,2.6,0.0,0.0,3.68
2020,Routes revêtues,TGRSRRRN28 DAPAONG-PONIO-FRE BURKINA,Savanes,code du tronçon,Savanes,False,10.62,25.45,1.25,0.0,37.32
2020,Routes revêtues,TSEVIE-TABLIGBO-ANFOIN-ANEHO,Maritime,manuel (à vérifier),Maritime,False,83.35,1.8,0.77,0.0,85.92
2020,Voiries en terre,VOIRIES EN TERRE,Voiries (non régionalisées),voirie,,False,42.75,14.9,5.23,0.0,62.88
2020,Voiries revêtues,VOIRIES  REVETUES,Voiries (non régionalisées),voirie,,False,33.0,18.9,24.62,0.0,76.52
