prefecture,region,population_2022,auto_ecoles,auto_ecoles_agreees,routes_km,routes_revetues_km,auto_ecoles_pour_100k_hab,routes_km_pour_1000_hab
Blitta,Centrale,163272,2,0,136.8,129.9,1.22,0.838
Mô,Centrale,52448,0,0,,,0.0,
Sotouboua,Centrale,138864,4,2,80.8,44.0,2.88,0.582
Tchamba,Centrale,200585,2,0,119.7,42.3,1.0,0.597
Tchaoudjo,Centrale,240360,4,2,122.9,122.1,1.66,0.511
Assoli,Kara,66394,1,1,83.2,50.4,1.51,1.253
Bassar,Kara,152065,2,0,196.7,131.1,1.32,1.294
Binah,Kara,84199,0,0,47.0,23.0,0.0,0.558
Dankpen,Kara,185662,0,0,43.1,43.1,0.0,0.232
Doufelgou,Kara,84767,0,0,101.0,39.3,0.0,1.191
Kozah,Kara,283738,11,6,181.1,147.4,3.88,0.638
Kéran,Kara,128687,0,0,82.6,42.0,0.0,0.642
Agoè-Nyivé,Maritime,882695,71,30,63.2,63.2,8.04,0.072
Avé,Maritime,111214,0,0,120.7,65.3,0.0,1.085
Bas-Mono,Maritime,94860,1,0,42.2,8.5,1.05,0.445
Golfe,Maritime,1305681,142,73,99.9,89.4,10.88,0.076
Lacs,Maritime,241247,5,2,80.9,64.6,2.07,0.335
Vo,Maritime,224411,3,2,66.2,55.1,1.34,0.295
Yoto,Maritime,174851,1,0,57.3,29.1,0.57,0.328
Zio,Maritime,500032,1,1,107.0,83.1,0.2,0.214
Agou,Plateaux,85793,1,0,126.3,93.8,1.17,1.473
Akébou,Plateaux,73830,0,0,10.8,2.6,0.0,0.146
Amou,Plateaux,114172,1,0,92.1,62.7,0.88,0.807
Anié,Plateaux,180158,1,1,38.8,22.5,0.56,0.215
Danyi,Plateaux,40240,0,0,51.7,42.0,0.0,1.286
Est-Mono,Plateaux,164460,0,0,103.9,24.6,0.0,0.632
Haho,Plateaux,305096,0,0,135.8,97.4,0.0,0.445
Kloto,Plateaux,145986,3,3,80.6,73.6,2.05,0.552
Kpélé,Plateaux,80939,2,1,45.1,35.5,2.47,0.557
Moyen-Mono,Plateaux,90505,0,0,58.3,12.3,0.0,0.644
Ogou,Plateaux,253467,2,2,139.6,89.2,0.79,0.551
Wawa,Plateaux,101300,2,2,127.6,107.0,1.97,1.26
Cinkassé,Savanes,128959,2,1,38.0,26.9,1.55,0.295
Kpendjal,Savanes,88365,0,0,55.4,22.8,0.0,0.626
Kpendjal-Ouest,Savanes,123330,0,0,38.7,35.2,0.0,0.314
Oti,Savanes,124848,3,0,140.0,48.4,2.4,1.122
Oti-Sud,Savanes,150376,0,0,126.3,0.0,0.0,0.84
Tandjoaré,Savanes,138867,0,0,26.3,26.3,0.0,0.189
Tône,Savanes,388775,5,3,105.5,89.6,1.29,0.271
