annee,categorie,libelle,valeur
2007,A,Moto,205.0
2007,B,Voiture légère,6148.0
2007,C,Poids lourd,459.0
2007,D,Transport en commun,87.0
2007,E,Semi-remorque,32.0
2007,F,Voiture spéciale,0.0
2008,A,Moto,198.0
2008,B,Voiture légère,6334.0
2008,C,Poids lourd,433.0
2008,D,Transport en commun,86.0
2008,E,Semi-remorque,18.0
2008,F,Voiture spéciale,0.0
2009,A,Moto,398.0
2009,B,Voiture légère,4771.0
2009,C,Poids lourd,236.0
2009,D,Transport en commun,45.0
2009,E,Semi-remorque,38.0
2009,F,Voiture spéciale,0.0
2010,A,Moto,206.0
2010,B,Voiture légère,4690.0
2010,C,Poids lourd,299.0
2010,D,Transport en commun,83.0
2010,E,Semi-remorque,35.0
2010,F,Voiture spéciale,0.0
2011,A,Moto,157.0
2011,B,Voiture légère,5628.0
2011,C,Poids lourd,327.0
2011,D,Transport en commun,71.0
2011,E,Semi-remorque,42.0
2011,F,Voiture spéciale,0.0
2012,A,Moto,129.0
2012,B,Voiture légère,6307.0
2012,C,Poids lourd,428.0
2012,D,Transport en commun,77.0
2012,E,Semi-remorque,28.0
2012,F,Voiture spéciale,0.0
2013,A,Moto,
2013,B,Voiture légère,
2013,C,Poids lourd,
2013,D,Transport en commun,
2013,E,Semi-remorque,
2013,F,Voiture spéciale,
2014,A,Moto,283.0
2014,B,Voiture légère,11787.0
2014,C,Poids lourd,1016.0
2014,D,Transport en commun,202.0
2014,E,Semi-remorque,74.0
2014,F,Voiture spéciale,0.0
2015,A,Moto,104.0
2015,B,Voiture légère,7193.0
2015,C,Poids lourd,308.0
2015,D,Transport en commun,90.0
2015,E,Semi-remorque,370.0
2015,F,Voiture spéciale,7.0
2016,A,Moto,387.0
2016,B,Voiture légère,23467.0
2016,C,Poids lourd,1642.0
2016,D,Transport en commun,292.0
2016,E,Semi-remorque,2635.0
2016,F,Voiture spéciale,28.0
2017,A,Moto,312.0
2017,B,Voiture légère,16299.0
2017,C,Poids lourd,1353.0
2017,D,Transport en commun,337.0
2017,E,Semi-remorque,1514.0
2017,F,Voiture spéciale,24.0
2018,A,Moto,406.0
2018,B,Voiture légère,15855.0
2018,C,Poids lourd,1015.0
2018,D,Transport en commun,297.0
2018,E,Semi-remorque,1263.0
2018,F,Voiture spéciale,18.0
2019,A,Moto,2425.0
2019,B,Voiture légère,16377.0
2019,C,Poids lourd,898.0
2019,D,Transport en commun,299.0
2019,E,Semi-remorque,1073.0
2019,F,Voiture spéciale,26.0
2020,A,Moto,236.0
2020,B,Voiture légère,11017.0
2020,C,Poids lourd,763.0
2020,D,Transport en commun,230.0
2020,E,Semi-remorque,806.0
2020,F,Voiture spéciale,21.0
2021,A,Moto,211.0
2021,B,Voiture légère,16857.0
2021,C,Poids lourd,1160.0
2021,D,Transport en commun,389.0
2021,E,Semi-remorque,1060.0
2021,F,Voiture spéciale,38.0
2022,A,Moto,4837.0
2022,B,Voiture légère,16988.0
2022,C,Poids lourd,1216.0
2022,D,Transport en commun,410.0
2022,E,Semi-remorque,1119.0
2022,F,Voiture spéciale,28.0
