region,prefecture,population_2022,methode
Centrale,Blitta,163272,ligne préfecture
Centrale,Mô,52448,ligne préfecture
Centrale,Sotouboua,138864,ligne préfecture
Centrale,Tchamba,200585,ligne préfecture
Centrale,Tchaoudjo,240360,ligne préfecture
Kara,Assoli,66394,ligne préfecture
Kara,Bassar,152065,ligne préfecture
Kara,Binah,84199,ligne préfecture
Kara,Dankpen,185662,ligne préfecture
Kara,Doufelgou,84767,ligne préfecture
Kara,Kozah,283738,ligne préfecture
Kara,Kéran,128687,ligne préfecture
Maritime,Agoè-Nyivé,882695,ligne préfecture
Maritime,Avé,111214,somme de 2 communes
Maritime,Bas-Mono,94860,ligne préfecture
Maritime,Golfe,1305681,ligne préfecture
Maritime,Lacs,241247,ligne préfecture
Maritime,Vo,224411,ligne préfecture
Maritime,Yoto,174851,ligne préfecture
Maritime,Zio,500032,ligne préfecture
Plateaux,Agou,85793,ligne préfecture
Plateaux,Akébou,73830,ligne préfecture
Plateaux,Amou,114172,ligne préfecture
Plateaux,Anié,180158,ligne préfecture
Plateaux,Danyi,40240,ligne préfecture
Plateaux,Est-Mono,164460,ligne préfecture
Plateaux,Haho,305096,ligne préfecture
Plateaux,Kloto,145986,ligne préfecture
Plateaux,Kpélé,80939,ligne préfecture
Plateaux,Moyen-Mono,90505,ligne préfecture
Plateaux,Ogou,253467,ligne préfecture
Plateaux,Wawa,101300,ligne préfecture
Savanes,Cinkassé,128959,ligne préfecture
Savanes,Kpendjal,88365,ligne préfecture
Savanes,Kpendjal-Ouest,123330,ligne préfecture
Savanes,Oti,124848,ligne préfecture
Savanes,Oti-Sud,150376,ligne préfecture
Savanes,Tandjoaré,138867,ligne préfecture
Savanes,Tône,388775,ligne préfecture
